milisegundos,datos
0,1980
10,2002
20,2001
30,1939
40,1925
50,1927
60,1939
70,1926
80,1937
90,1927
100,1938
110,1935
120,1939
130,1937
140,1947
150,1946
160,1943
170,1936
180,1937
190,1938
200,1939
210,1946
220,1943
230,1936
240,1936
250,1947
260,1921
270,1936
280,1936
290,1942
300,1939
310,1920
320,1936
330,1933
340,1951
350,1934
360,1949
370,1938
380,1921
390,1922
400,1925
410,1930
420,1942
430,1938
440,1938
450,1945
460,1941
470,1923
480,1937
490,1942
500,1941
510,1926
520,1943
530,1935
540,1937
550,1935
560,1943
570,1943
580,1939
590,1943
600,1935
610,1946
620,2272
630,1990
640,1914
650,1931
660,1934
670,1920
680,1933
690,1920
700,1947
710,1942
720,1933
730,1936
740,1942
750,1936
760,1942
770,1938
780,1947
790,1939
800,1937
810,1943
820,1935
830,1949
840,1943
850,1945
860,1936
870,1935
880,1934
890,1939
900,1936
910,1925
920,1936
930,1946
940,1933
950,1936
960,1941
970,1936
980,1947
990,1941
1000,1938
1010,1935
1020,1936
1030,1946
1040,1943
1050,1951
1060,1937
1070,1939
1080,1936
1090,1919
1100,1923
1110,1926
1120,1935
1130,1945
1140,1933
1150,1941
1160,1945
1170,1938
1180,1931
1190,1938
1200,1937
1210,1933
1220,1849
1230,2192
1240,1985
1250,1937
1260,1927
1270,1940
1280,1935
1290,1935
1300,1936
1310,1951
1320,1934
1330,1930
1340,1917
1350,1947
1360,1931
1370,1936
1380,1933
1390,1939
1400,1926
1410,1933
1420,1933
1430,1936
1440,1951
1450,1943
1460,1935
1470,1936
1480,1938
1490,1922
1500,1936
1510,1941
1520,1937
1530,1936
1540,1949
1550,1947
1560,1934
1570,1931
1580,1966
1590,1942
1600,1932
1610,1936
1620,1917
1630,1944
1640,1933
1650,1938
1660,1943
1670,1935
1680,1925
1690,1927
1700,1949
1710,1936
1720,1943
1730,1938
1740,1938
1750,1936
1760,1937
1770,1952
1780,1939
1790,1945
1800,1939
1810,1936
1820,1951
1830,1936
1840,2219
1850,1983
1860,1925
1870,1937
1880,1935
1890,1941
1900,1935
1910,1938
1920,1936
1930,1939
1940,1927
1950,1939
1960,1927
1970,1947
1980,1936
1990,1953
2000,1943
2010,1933
2020,1945
2030,1943
2040,1935
2050,1936
2060,1910
2070,1935
2080,1926
2090,1933
2100,1936
2110,1964
2120,1953
2130,1937
2140,1936
2150,1932
2160,1935
2170,1929
2180,1929
2190,1941
2200,1925
2210,1941
2220,1915
2230,1927
2240,1953
2250,1937
2260,1943
2270,1941
2280,1936
2290,1933
2300,1938
2310,1936
2320,1949
2330,1945
2340,1936
2350,1933
2360,1936
2370,1947
2380,1957
2390,1939
2400,1945
2410,1927
2421,1953
2430,1936
2440,1934
2450,2209
2460,1968
2470,1941
2480,1925
2490,1935
2500,1939
2510,1939
2520,1935
2530,1953
2540,1947
2550,1936
2560,1939
2570,1936
2580,1936
2590,1931
2600,1936
2610,1941
2620,1941
2630,1931
2640,1953
2650,1946
2660,1930
2670,1935
2680,1945
2690,1922
2700,1919
2710,1919
2720,1930
2730,1936
2740,1934
2750,1936
2760,1943
2770,1936
2780,1925
2790,1936
2800,1941
2810,1936
2820,1954
2830,1938
2840,1920
2850,1941
2860,1936
2870,1950
2880,1929
2890,1927
2900,1927
2910,1935
2920,1935
2930,1940
2940,1930
2950,1949
2960,1936
2970,1937
2980,1920
2990,1920
3000,1931
3010,1936
3020,1930
3030,1933
3040,1946
3050,1938
3060,2253
3070,1971
3080,1939
3090,1949
3100,1931
3110,1942
3120,1936
3130,1943
3140,1930
3150,1935
3160,1939
3170,1946
3180,1930
3190,1936
3200,1942
3210,1951
3220,1936
3230,1918
3240,1936
3250,1932
3260,1936
3270,1931
3280,1936
3290,1919
3300,1970
3310,1943
3320,1937
3330,1936
3340,1940
3350,1947
3360,1936
3370,1936
3380,1938
3390,1933
3400,1936
3410,1936
3420,1943
3430,1938
3440,1930
3450,1936
3460,1939
3470,1933
3480,1941
3490,1943
3500,1872
3510,1933
3520,1936
3530,1841
3540,1936
3550,1932
3560,1936
3570,1936
3580,1926
3590,1945
3600,1925
3610,1936
3620,1946
3630,1951
3640,1942
3650,1938
3660,1948
3670,2105
3680,1984
3690,1945
3700,1936
3710,1939
3720,1929
3730,1946
3740,1947
3750,1936
3760,1946
3770,1938
3780,1936
3790,1926
3800,1958
3810,1947
3820,1930
3830,1937
3840,1939
3850,1927
3860,1956
3870,1945
3880,1937
3890,1938
3900,1926
3910,1936
3920,1937
3930,1939
3940,1936
3950,1930
3960,1843
3970,1943
3980,1946
3990,1959
4000,1923
4010,1936
4020,1936
4030,1955
4040,1936
4050,1929
4060,1933
4070,1934
4080,1935
4090,1937
4100,1943
4110,1935
4120,1951
4130,1931
4140,1937
4150,1936
4160,1925
4170,1936
4180,1939
4190,1951
4200,1945
4210,1943
4220,1936
4230,1937
4240,1936
4250,1927
4260,1927
4270,1936
4280,2187
4290,1995
4300,1933
4310,1941
4320,1933
4330,1941
4340,1930
4350,1941
4360,1927
4370,1936
4380,1930
4390,1938
4400,1937
4410,1712
4420,1945
4430,1930
4440,1935
4450,1935
4460,1932
4470,1941
4480,1943
4490,1920
4500,1936
4510,1933
4520,1925
4530,1943
4540,1934
4550,1934
4560,1951
4570,1942
4580,1939
4590,1937
4600,1934
4610,1937
4620,1937
4630,1927
4640,1936
4650,1926
4660,1936
4670,1935
4680,1934
4690,1945
4700,1951
4710,1935
4720,1937
4730,1936
4740,1937
4750,1941
4760,1932
4770,1935
4780,1948
4790,1935
4800,1923
4810,1937
4820,1943
4830,1936
4840,1943
4850,1936
4860,1942
4870,1940
4880,1946
4890,2240
4900,1985
4910,1936
4920,1953
4930,1947
4940,1930
4950,1945
4960,1937
4970,1939
4980,1916
4990,1949
5000,1942
5010,1936
5020,1936
5030,1941
5040,1936
5050,1918
5060,1959
5070,1933
5080,1934
5090,1936
5100,1937
5110,1938
5120,1937
5130,1933
5140,1936
5150,1931
5160,1948
5170,1934
5180,1927
5190,1942
5200,1882
5210,1940
5220,1936
5230,1936
5240,1935
5250,1936
5260,1942
5270,1929
5280,1936
5290,1945
5300,1925
5310,1939
5320,1920
5330,1927
5340,1936
5350,1947
5360,1937
5370,1947
5380,1934
5390,1939
5400,1938
5410,1925
5420,1942
5430,1941
5440,1977
5450,1936
5460,1938
5470,1950
5480,1936
5490,1936
5500,1933
5510,1984
5520,1953
5530,1943
5540,1941
5550,1929
5560,1927
5570,1947
5580,1936
5590,1927
5600,1936
5610,1949
5620,1940
5630,1923
5640,1937
5650,1937
5660,1946
5670,1934
5680,1930
5690,1939
5700,1935
5710,1933
5720,1926
5730,1938
5740,1943
5750,1930
5760,1948
5770,1947
5780,1935
5790,1947
5800,1937
5810,1938
5820,1938
5830,1938
5840,1938
5850,1942
5860,1947
5870,1937
5880,1942
5890,1948
5900,1943
5910,1936
5920,1941
5930,1951
5940,1932
5950,1938
5960,1936
5970,1935
5980,1937
5990,1963
6000,1932
6010,1941
6020,1935
6030,1936
6040,1933
6050,1935
6060,1926
6070,1926
6080,1931
6090,1931
6100,1936
6110,1939
6120,1983
6130,1932
6140,1949
6150,1948
6160,1954
6170,1922
6180,1941
6190,1949
6200,1947
6210,1938
6220,1937
6230,1936
6240,1938
6250,1956
6260,1949
6270,1946
6280,1936
6290,1937
6300,1934
6310,1939
6320,1952
6330,1929
6340,1933
6350,1935
6360,1937
6370,1943
6380,1933
6390,1936
6400,1952
6410,1942
6420,1951
6430,1943
6440,1931
6450,1937
6460,1933
6470,1936
6480,1939
6490,1953
6500,1936
6510,1918
6520,1943
6530,1946
6540,1935
6550,1936
6560,1947
6570,1939
6580,1937
6590,1925
6600,1938
6610,1936
6620,1954
6630,1936
6640,1935
6650,1931
6660,1937
6670,1936
6680,1943
6690,1938
6700,1937
6710,1941
6720,2188
6730,1979
6740,1934
6750,1951
6760,1938
6770,1936
6780,1936
6790,1946
6800,1939
6810,1949
6820,1937
6830,1945
6840,1936
6850,1937
6860,1931
6870,1933
6880,1930
6890,1937
6900,1930
6910,1936
6920,1944
6930,1930
6940,1936
6950,1922
6960,1934
6970,1923
6980,1942
6990,1937
7000,1907
7010,1949
7020,1936
7030,1931
7040,1931
7050,1946
7060,1929
7070,1936
7080,1943
7090,1919
7100,1919
7110,1950
7120,1937
7130,1936
7140,1939
7150,1943
7160,1945
7170,1951
7180,1929
7190,1947
7200,1921
7210,1997
7220,1947
7230,1945
7240,1940
7250,1947
7260,1933
7270,1934
7280,1939
7290,1936
7300,1937
7310,1928
7320,1950
7330,2122
7340,1997
7350,1933
7360,1927
7370,1942
7380,1933
7390,1935
7400,1936
7410,1964
7420,1938
7430,1937
7440,1946
7450,1952
7460,1942
7470,1950
7480,1931
7490,1937
7500,1943
7510,1950
7520,1936
7530,1926
7541,1933
7550,1933
7560,1946
7570,1931
7580,1942
7590,1942
7600,1936
7610,1938
7620,1940
7630,1947
7640,1936
7650,1941
7660,1930
7670,1943
7680,1932
7690,1941
7700,1939
7710,1926
7720,1936
7730,1942
7740,1946
7750,1936
7760,1942
7770,1942
7780,1933
7790,1933
7800,1936
7810,1882
7820,1945
7830,1937
7840,1936
7850,1934
7860,1954
7870,1936
7880,1968
7890,1930
7900,1946
7910,1948
7920,1955
7930,1947
7940,2193
7951,1991
7960,1933
7970,1925
7980,1930
7990,1931
8000,1939
8010,1945
8020,1939
8030,1938
8040,1931
8050,1935
8060,1953
8070,1936
8080,1925
8090,1937
8100,1946
8110,1961
8120,1936
8130,1933
8140,1947
8150,1957
8160,1936
8170,1927
8180,1938
8190,1949
8200,1930
8210,1942
8220,1931
8230,1939
8240,1979
8250,1934
8260,1936
8270,1933
8280,1934
8290,1936
8300,1931
8310,1938
8320,1941
8330,1936
8340,1923
8350,1936
8360,1933
8370,1927
8380,1941
8390,1935
8400,1943
8410,1929
8420,1936
8430,1931
8440,1947
8450,1941
8460,1942
8470,1927
8480,1941
8490,1936
8500,1935
8510,2023
8520,1936
8530,1939
8540,1902
8550,2191
8560,1990
8570,1943
8580,1936
8590,1939
8600,1937
8610,1942
8620,1943
8630,1936
8640,1936
8650,1931
8660,1934
8670,1940
8680,1936
8690,1942
8700,1937
8710,1939
8720,1945
8730,1923
8740,1935
8750,1935
8760,1924
8770,1931
8780,1932
8790,1940
8800,1936
8810,1945
8820,1936
8830,1923
8840,1936
8850,1931
8860,1939
8870,1936
8880,1946
8890,1949
8900,1933
8910,1936
8920,1930
8930,1938
8940,1927
8950,1954
8960,1931
8970,1946
8980,1939
8990,1937
9000,1934
9010,1945
9020,1936
9030,1936
9040,1907
9050,1937
9060,1931
9070,1950
9080,1947
9090,1936
9100,1946
9110,1936
9120,1941
9130,1953
9140,1936
9150,1924
9160,2186
9170,1984
9180,1929
9190,1938
9200,1946
9210,1941
9220,1935
9230,1939
9240,1935
9250,1941
9260,1939
9270,1931
9280,1923
9290,1937
9300,1937
9310,1934
9320,1935
9330,1934
9340,1947
9350,1936
9360,1936
9370,1946
9380,1953
9390,1943
9400,1945
9410,1953
9420,1948
9430,1942
9440,1942
9450,1949
9460,1926
9470,1936
9480,1939
9490,1936
9500,1936
9510,1936
9520,1936
9530,1936
9540,1939
9550,1937
9560,1945
9570,1932
9580,1946
9590,1949
9600,1937
9610,1917
9620,1925
9630,1941
9640,1942
9650,1943
9660,1936
9670,1946
9680,1943
9690,1933
9700,1954
9710,1946
9720,1933
9730,1927
9740,1932
9750,1939
9760,1943
9770,2271
9780,1987
9790,1923
9800,1936
9810,1939
9820,1939
9830,1953
9840,1936
9850,1936
9860,1936
9870,1936
9880,1936
9890,1934
9900,1946
9910,1949
9920,1936
9930,1936
9940,1939
9950,1935
9960,1930
9970,1929
9980,1946
9990,1936
10000,1934
10010,1918
10020,1939
10030,1935
10040,1956
10050,1936
10060,1936
10070,1952
10080,1945
10090,1949
10101,1939
10110,1942
10120,1936
10130,1951
10140,1931
10150,1941
10160,1950
10170,1937
10180,1936
10190,1945
10200,1921
10210,1950
10220,1935
10230,1951
10240,1927
10250,1940
10260,1935
10270,1945
10280,1935
10290,1943
10300,1937
10310,1937
10320,1936
10330,1941
10340,1935
10350,1943
10360,1925
10370,1937
10380,1926
10390,1990
10400,1937
10410,1945
10420,1927
10430,1935
10440,1919
10450,1923
10460,1937
10470,1938
10480,1943
10490,1927
10500,1927
10511,1937
10520,1939
10530,1930
10540,1931
10550,1945
10560,1947
10570,1949
10580,1939
10590,1937
10600,1936
10610,1936
10620,1931
10630,1938
10640,1934
10650,1936
10660,1933
10670,1936
10680,1941
10690,1936
10700,1934
10710,1925
10720,1924
10730,1937
10740,1936
10750,1936
10760,1944
10770,1936
10780,1936
10790,1942
10800,1942
10810,1936
10820,1939
10830,1943
10840,1924
10850,1943
10860,1936
10870,1936
10880,1936
10890,1936
10900,1936
10910,1926
10920,1937
10930,1936
10940,1927
10950,1940
10960,1939
10970,1937
10980,1934
10990,2240
11000,1991
11010,1933
11020,1937
11030,1930
11040,1951
11050,1933
11060,1938
11070,1937
11080,1933
11090,1926
11100,1936
11110,1935
11120,1939
11130,1944
11140,1938
11150,1918
11160,1951
11170,1922
11180,1943
11190,1924
11200,1941
11210,1921
11220,1934
11230,1936
11240,1936
11250,1953
11260,1937
11270,1920
11280,1894
11290,1943
11300,1931
11310,1925
11320,1920
11330,1933
11340,1930
11350,1939
11360,1936
11370,1936
11380,1934
11390,1938
11400,1925
11410,1951
11420,1937
11430,1941
11440,1941
11450,1951
11460,1930
11470,1936
11480,1936
11490,1936
11500,1941
11510,1926
11520,1943
11530,1934
11540,1936
11550,1942
11560,1938
11570,1937
11580,1938
11590,1933
11600,2210
11610,1984
11620,1935
11630,1948
11640,1939
11650,1949
11660,1937
11670,1938
11680,1951
11690,1936
11700,1938
11710,1935
11720,1933
11730,1941
11740,1922
11750,1940
11760,1933
11770,1937
11780,1947
11790,1936
11800,1941
11810,1941
11820,1967
11830,1941
11840,1927
11850,1930
11860,1932
11870,1937
11880,1936
11890,1933
11900,1949
11910,1963
11920,1946
11930,1937
11940,1931
11950,1937
11960,1933
11970,1937
11980,1936
11990,1936
12000,1939
12010,1930
12020,1919
12030,1937
12040,1939
12050,1937
12060,1933
12070,1936
12080,1929
12090,1945
12100,1938
12110,1946
12120,1945
12130,1938
12140,1915
12150,1951
12160,1936
12170,1929
12180,1943
12190,1938
12200,1936
12210,2233
12220,1997
12230,1936
12240,1923
12250,1936
12260,1919
12270,1936
12280,1927
12290,1936
12300,1945
12310,1933
12320,1937
12330,1947
12340,1934
12350,1934
12360,1939
12370,1936
12380,1936
12390,1939
12400,1942
12410,1945
12420,1962
12430,1943
12440,1951
12450,1927
12460,1935
12470,1943
12480,1936
12490,1941
12500,1936
12510,1936
12520,2026
12530,1948
12540,1940
12550,1936
12560,1921
12570,1934
12580,1941
12590,1944
12600,1937
12610,1936
12620,1848
12630,1936
12640,1939
12650,1939
12660,1936
12670,1946
12680,1927
12690,1943
12700,1957
12710,1936
12720,1949
12730,1943
12740,1921
12750,1938
12760,1935
12770,1943
12780,1925
12790,1936
12800,1919
12810,1945
12820,2262
12830,2108
12840,1925
12850,1923
12860,1940
12870,1915
12880,1942
12890,1943
12900,1934
12910,1968
12920,1936
12930,1946
12940,1929
12950,1936
12960,1938
12970,1933
12980,1937
12990,1933
13000,1951
13010,1940
13020,1935
13030,1938
13040,1931
13050,1935
13060,1927
13070,1943
13080,1954
13090,1942
13100,1947
13110,1917
13120,1936
13130,1938
13140,1946
13150,1933
13160,1923
13170,1947
13180,1887
13190,1938
13200,1936
13210,1945
13220,1925
13230,1931
13240,1950
13250,1936
13260,1936
13270,1921
13280,1937
13290,1937
13300,1935
13310,1925
13320,1949
13330,1938
13340,1936
13350,1922
13360,1944
13370,1931
13380,1941
13390,1936
13400,1936
13410,1936
13420,1932
13430,2240
13440,1987
13450,1935
13460,1936
13470,1937
13481,1934
13490,1957
13500,1940
13510,1923
13520,1939
13530,1937
13540,1943
13550,1936
13560,1935
13570,1938
13580,1939
13590,1931
13600,1939
13610,1941
13620,1948
13630,1946
13640,1947
13650,1935
13660,1936
13670,1935
13680,1936
13690,1939
13700,1919
13710,1951
13720,1933
13730,1938
13740,1936
13750,1943
13760,1935
13770,1936
13780,1941
13790,1938
13800,1952
13810,1947
13820,1952
13830,1948
13840,1939
13850,1936
13860,1942
13870,1950
13880,1930
13890,1949
13900,1937
13910,1933
13920,1922
13930,1941
13940,1950
13950,1938
13960,1936
13970,1935
13980,1933
13990,1929
14000,1941
14010,1951
14020,1951
14030,1935
14040,2223
14050,1987
14060,1936
14070,1929
14080,1924
14090,1946
14100,1946
14110,1950
14120,1944
14130,1947
14140,1941
14150,1946
14160,1943
14170,1936
14180,1937
14190,1938
14200,1956
14210,1933
14220,1927
14230,1939
14240,1947
14250,1936
14260,1936
14270,1936
14280,1936
14290,1936
14300,1936
14310,1943
14320,1936
14330,1950
14340,1927
14350,1937
14360,1938
14370,1933
14380,1939
14390,1930
14400,1945
14410,1932
14420,1941
14430,1942
14440,1936
14450,1930
14460,1935
14470,1941
14480,1936
14490,1936
14500,2077
14510,1938
14520,1930
14530,1927
14540,1926
14550,1937
14560,1942
14570,1941
14580,1930
14590,1950
14600,1941
14610,1934
14620,1937
14630,1927
14640,1947
14650,2227
14660,1983
14670,1929
14680,1947
14690,1936
14700,1936
14710,1934
14720,1947
14730,1945
14740,1931
14750,1919
14760,1931
14770,1939
14780,1943
14790,1952
14800,1942
14810,1942
14820,1903
14830,1937
14840,1942
14850,1935
14860,1936
14870,1950
14880,1936
14890,1946
14900,1936
14910,1941
14920,1952
14930,1933
14940,1935
14950,1942
14960,1933
14970,1937
14980,1935
14990,1950
15000,1927
15010,1936
15020,1937
15030,1936
15040,1940
15050,1945
15060,1939
15070,1940
15080,1949
15090,1936
15100,1943
15110,1939
15120,1938
15130,1946
15140,1942
15150,1926
15160,1935
15170,1937
15180,1942
15190,1938
15200,1940
15210,1938
15221,1941
15230,1941
15240,1927
15250,1951
15260,1942
15270,1996
15280,1945
15290,1941
15300,1923
15310,1939
15320,1935
15330,1943
15340,1939
15350,1937
15360,1937
15370,1955
15380,1955
15390,1933
15400,1940
15410,1934
15420,1936
15430,1947
15440,1936
15450,1934
15460,1937
15470,1929
15480,1943
15490,1939
15500,1937
15510,1936
15520,1936
15530,1942
15540,1936
15550,1933
15560,1936
15570,1933
15580,1951
15590,1941
15600,1952
15610,1942
15620,1937
15630,1933
15640,1940
15650,1942
15660,1943
15670,1935
15680,1951
15690,1949
15700,1943
15710,1938
15720,1947
15730,1923
15740,1938
15750,1946
15760,1940
15770,1936
15780,1950
15790,1950
15800,1945
15810,1950
15820,1939
15830,1941
15840,1942
15850,1938
15860,1936
15870,2269
15880,1983
15890,1950
15900,1956
15910,1923
15920,1940
15930,1937
15940,1923
15950,1930
15960,1943
15970,1934
15980,1941
15990,1940
16000,1943
16010,1929
16020,1923
16030,1936
16040,1949
16050,1923
16060,1931
16070,1946
16080,1935
16090,1922
16100,1913
16110,1922
16120,1923
16130,1947
16140,1953
16150,1936
16160,1946
16170,1949
16180,1936
16190,1939
16200,1931
16210,1936
16220,1936
16230,1946
16240,1936
16250,1936
16260,1943
16270,1936
16280,1949
16290,1931
16300,1936
16310,1931
16320,1940
16330,1931
16340,1923
16350,1941
16360,1938
16370,1940
16380,1935
16390,1929
16400,1937
16410,1939
16420,1915
16430,1933
16440,1936
16450,1936
16460,1942
16470,1945
16480,2249
16490,1993
16500,1952
16510,1946
16520,1919
16530,1910
16540,1936
16550,1936
16560,1929
16570,1936
16580,1940
16590,1926
16600,1947
16610,1947
16620,1927
16630,1978
16640,1949
16650,1942
16660,1936
16670,1946
16680,1950
16690,1939
16700,1937
16710,1939
16720,1936
16730,1938
16740,1936
16750,1936
16760,1947
16770,1954
16780,1935
16790,1939
16800,1939
16810,1927
16820,1917
16830,1955
16840,1942
16850,1942
16860,1935
16870,1936
16880,1941
16890,1935
16900,1936
16910,1947
16920,1951
16930,1941
16940,1935
16950,1936
16960,1917
16970,1943
16980,1927
16990,1931
17000,1921
17010,1938
17020,1937
17030,1934
17040,1934
17050,1935
17060,1929
17070,1936
17080,1937
17090,2217
17100,1985
17110,2065
17120,1939
17130,1937
17140,1942
17150,1926
17160,1921
17170,1950
17180,1938
17190,1936
17200,1951
17210,1937
17220,1943
17230,1939
17240,1940
17250,1943
17260,1926
17270,1938
17280,1936
17290,1938
17300,1949
17310,1950
17320,1935
17330,1949
17340,1933
17350,1941
17360,1940
17370,1929
17380,1946
17390,1927
17400,1936
17410,1942
17420,1939
17430,1936
17440,1934
17450,1942
17460,1933
17470,1956
17480,1943
17490,1939
17500,1945
17510,1951
17520,1950
17530,1920
17540,1936
17550,1941
17560,1927
17570,1951
17580,1937
17590,1935
17600,1935
17610,1936
17620,1936
17630,1939
17640,1939
17650,1936
17660,1933
17670,1933
17680,1936
17690,1936
17700,2272
17710,2001
17720,1937
17730,1936
17740,1938
17750,1942
17760,1947
17770,1954
17780,1936
17790,1951
17800,1936
17810,1949
17820,1943
17830,1943
17840,1947
17850,1934
17860,1936
17870,1934
17880,1936
17890,1904
17900,1939
17910,1933
17920,1936
17930,1923
17940,1952
17950,1951
17960,1939
17970,1946
17980,1923
17990,1935
18000,1932
18010,1936
18020,1933
18030,1954
18040,1925
18050,1943
18060,1933
18070,1933
18080,1933
18090,1934
18100,1935
18110,1943
18120,1936
18130,1943
18140,1940
18150,1940
18160,1948
18170,1936
18180,1943
18190,1934
18200,1935
18210,1939
18220,1941
18230,1926
18240,1939
18250,1929
18260,1939
18270,1936
18280,1942
18290,1931
18300,1949
18310,2281
18320,1994
18330,1946
18340,1941
18350,1947
18360,1936
18370,1939
18380,1954
18390,1938
18400,1943
18410,1934
18420,1946
18430,1951
18440,1939
18450,1936
18460,1936
18470,1941
18480,1934
18490,1939
18500,1934
18510,1943
18520,1938
18530,1929
18540,1925
18550,1938
18560,1933
18570,1936
18580,1925
18590,1947
18600,1929
18610,1936
18620,1934
18630,1936
18640,1941
18650,1935
18660,1933
18670,1931
18680,1935
18690,1941
18700,1941
18710,1942
18720,1943
18730,1931
18740,1943
18750,1936
18760,1942
18770,1934
18780,1941
18790,1933
18800,1933
18810,1941
18820,1935
18830,1927
18840,1936
18850,1936
18860,1941
18870,1932
18880,1939
18890,1941
18900,1933
18910,1952
18920,2291
18931,2069
18940,1930
18950,1936
18960,1927
18970,1938
18980,1934
18990,1938
19000,1942
19010,1938
19020,1940
19030,1940
19040,1935
19050,1936
19060,1939
19070,1952
19080,1939
19090,1939
19100,1936
19110,1931
19120,1933
19130,1931
19140,1941
19150,1965
19160,1936
19170,1939
19180,1936
19190,1947
19200,1934
19210,1934
19220,1932
19230,1931
19240,1938
19250,1959
19260,1930
19270,1936
19280,1938
19290,1931
19300,1935
19310,1934
19320,1946
19330,1933
19340,1934
19350,1936
19360,1936
19370,1937
19380,1942
19390,1931
19400,1940
19410,1927
19420,1947
19430,1935
19440,1938
19450,1945
19460,1932
19470,1936
19480,1933
19490,1931
19500,1934
19510,1933
19520,1923
19530,1935
19540,1979
19550,1946
19560,1942
19570,1937
19580,1954
19590,1923
19600,1938
19610,1937
19620,1936
19630,1937
19640,1953
19650,1938
19660,1937
19670,1943
19680,1939
19690,1947
19700,1936
19710,1939
19720,1936
19730,1934
19740,1943
19750,1943
19760,1943
19770,1930
19780,1937
19790,1942
19800,1945
19810,1938
19820,1933
19830,1936
19840,1951
19850,1939
19860,1936
19870,1938
19880,1936
19890,1942
19900,1946
19910,1924
19920,1936
19930,1934
19940,1936
19950,1935
19960,1935
19970,1943
19980,1954
19990,1935
20000,1937
20010,1937
20020,1931
20030,1945
20040,1939
20050,1935
20060,1936
20070,1956
20080,1935
20090,1936
20100,1936
20110,1935
20120,1940
20130,1938
20140,1945
20150,1982
20160,1946
20170,1940
20180,1936
20190,1934
20200,1933
20210,1946
20220,1936
20230,1930
20240,1931
20250,1941
20260,1936
20270,1936
20280,1936
20290,1949
20300,1942
20310,1936
20320,1942
20330,1922
20340,1935
20350,1934
20360,1933
20370,1952
20380,1936
20390,1934
20400,1949
20410,1927
20420,1939
20430,1938
20440,1938
20450,1936
20460,1933
20470,1943
20480,1943
20490,1936
20500,1941
20510,1923
20520,1930
20530,1942
20540,1949
20550,1934
20560,1939
20570,1936
20580,1933
20590,1945
20600,1935
20610,1936
20620,1946
20630,1923
20640,1943
20650,1936
20660,1918
20670,1938
20680,1940
20690,1927
20700,1943
20710,1945
20720,1935
20730,1935
20740,1936
20750,1934
20760,2240
20770,2237
20780,2111
20790,1997
20800,1932
20810,1936
20820,1939
20830,1932
20840,1953
20850,1934
20860,1961
20870,1952
20880,1947
20890,1943
20900,1939
20910,1942
20920,1937
20930,1950
20940,1946
20950,1936
20960,1876
20970,1947
20980,1947
20990,1946
21000,1947
21010,1943
21020,1938
21030,1947
21040,1945
21050,1939
21060,1949
21070,1947
21080,1936
21090,1936
21100,1934
21110,1927
21120,1929
21130,1933
21140,1939
21150,1936
21160,1919
21170,1942
21180,1931
21190,1936
21200,1947
21210,1944
21220,1936
21230,1945
21240,1962
21250,1931
21260,1935
21270,1932
21280,1942
21290,1936
21300,1937
21310,1933
21320,1934
21330,1931
21340,1940
21350,1936
21360,1950
21370,1947
21380,1936
21390,1943
21400,2299
21410,2003
21420,1944
21430,1942
21440,1936
21450,1938
21460,1951
21470,1936
21480,1931
21490,1939
21500,1941
21510,1942
21520,1947
21530,1934
21540,1938
21550,1933
21560,1939
21570,1952
21580,1938
21590,1926
21600,1929
21610,1934
21620,1943
21630,1945
21640,1936
21650,1943
21660,1941
21670,1933
21680,1943
21690,1941
21700,1936
21710,1938
21720,1957
21730,1921
21740,1946
21750,1943
21760,1938
21770,1945
21780,1938
21790,1934
21800,1938
21810,1935
21820,1941
21830,1938
21840,1950
21850,1939
21860,1931
21870,1945
21880,1941
21890,1926
21900,1938
21910,1938
21920,1947
21930,1927
21940,1927
21950,1933
21960,1933
21970,1925
21980,1954
21990,1934
22000,1936
22010,2306
22020,1997
22030,1938
22040,1958
22050,1937
22060,1937
22070,1940
22080,1951
22090,1936
22100,1933
22110,1930
22120,1953
22130,1955
22140,1942
22150,1951
22160,1930
22170,1936
22180,1939
22190,1936
22200,1935
22210,1943
22220,1945
22230,1968
22240,1937
22250,1935
22260,1946
22270,1941
22280,1938
22290,1937
22300,1965
22310,1939
22320,1949
22330,1939
22340,1934
22350,1931
22360,1946
22370,1936
22380,1954
22390,1950
22400,1941
22410,1943
22420,1938
22430,1953
22440,1965
22450,1943
22460,1947
22470,1936
22480,1949
22490,1941
22500,1943
22510,1943
22520,1953
22530,1942
22540,1949
22550,1931
22560,1936
22570,1936
22580,1931
22590,1937
22600,1931
22610,1946
22620,1934
22630,1982
22640,1936
22650,1935
22660,1937
22670,1923
22680,1939
22690,1951
22700,1940
22710,1941
22720,1942
22730,1936
22740,1941
22750,1936
22760,1925
22770,1922
22780,1936
22790,1931
22800,1936
22810,1946
22820,1931
22830,1935
22840,1949
22850,1939
22860,1949
22870,1947
22880,1942
22890,1937
22900,1931
22910,1943
22920,1939
22930,1936
22940,1933
22950,1947
22960,1936
22970,1936
22980,1939
22990,1945
23000,1947
23010,1942
23020,1938
23030,1919
23040,1950
23050,1936
23060,1943
23070,1929
23080,1949
23090,1948
23100,1939
23110,1937
23120,1936
23130,1951
23140,1947
23150,1945
23160,1947
23170,1936
23180,1949
23190,1943
23200,1943
23210,1936
23220,1934
23230,2289
23240,2004
23250,1936
23260,1953
23270,1936
23280,1947
23290,1941
23300,1945
23311,1943
23320,1946
23330,1935
23340,1943
23350,1947
23360,1923
23370,1941
23380,1949
23390,1936
23400,1936
23410,1921
23420,1941
23430,1953
23440,1943
23450,1932
23460,1939
23470,1951
23480,1939
23490,1936
23500,1936
23510,1935
23520,1958
23530,1930
23540,1933
23550,1936
23560,1937
23570,1934
23580,1943
23590,1936
23600,1942
23610,1920
23620,1951
23630,1942
23640,1935
23650,1942
23660,1936
23670,1936
23680,1937
23690,1942
23700,1945
23710,1940
23720,1933
23730,1947
23740,1937
23750,1940
23760,1931
23770,1950
23780,1951
23790,1930
23800,1931
23810,1950
23820,1935
23830,1945
23840,2249
23850,1995
23860,1945
23870,1950
23880,1943
23890,1948
23900,1941
23910,1939
23920,1950
23930,1953
23940,1936
23950,1951
23960,1947
23970,1943
23980,1937
23990,1946
24000,1942
24010,1949
24020,1949
24030,1942
24040,1944
24050,1966
24060,1931
24070,1936
24080,1943
24090,1933
24100,1944
24110,1950
24120,1945
24130,1946
24140,1934
24150,1939
24160,1951
24170,1942
24180,1933
24190,1928
24200,1952
24210,1957
24220,1947
24230,1958
24240,1945
24250,1955
24260,1938
24270,1947
24280,1939
24290,1937
24300,1936
24310,1927
24320,1927
24330,1934
24340,1940
24350,1943
24360,1939
24370,1947
24380,1935
24390,1943
24400,1931
24410,1930
24420,1939
24430,1952
24440,1947
24450,2307
24460,1991
24470,1941
24480,1929
24490,1937
24500,1936
24510,1931
24520,1932
24530,1926
24540,1950
24550,1936
24560,1934
24570,1941
24580,1946
24590,1951
24600,1968
24610,1948
24620,1942
24630,1955
24641,1940
24650,1946
24660,1938
24670,1939
24680,1938
24690,1951
24700,1935
24710,1938
24720,1942
24730,1938
24740,1935
24750,1943
24760,1939
24770,1938
24780,1936
24790,1931
24800,1949
24810,1941
24820,1922
24830,1934
24840,1936
24850,1942
24860,1937
24870,1938
24880,1938
24890,1931
24900,1954
24910,1936
24920,1935
24930,1943
24940,1935
24950,1938
24960,1937
24970,1947
24980,1936
24990,1951
25000,1934
25010,1936
25020,1937
25030,1963
25040,1947
25050,1936
25060,1942
25070,1988
25080,1937
25090,1947
25100,1942
25110,1932
25120,1936
25130,1951
25140,1952
25150,1934
25160,1929
25170,1942
25180,1945
25190,1935
25200,1937
25210,1942
25220,1937
25230,1943
25240,1931
25250,1950
25260,1941
25270,1947
25280,1927
25290,1938
25300,1936
25310,1931
25320,1938
25330,1947
25340,1952
25350,1939
25360,1933
25370,1941
25380,1936
25390,1951
25400,1939
25410,1937
25420,1936
25430,1926
25440,1936
25450,1935
25460,1937
25470,1947
25480,1935
25490,1946
25500,1954
25510,1936
25520,1936
25530,1933
25540,1959
25550,1936
25560,1921
25570,1951
25580,1936
25590,1934
25600,1936
25610,1936
25620,1954
25630,1938
25640,1940
25650,1942
25660,1930
25670,1927
25680,2010
25690,1937
25700,1943
25710,1931
25720,1941
25730,1939
25740,1951
25750,1940
25760,1943
25770,1936
25780,1935
25790,1946
25800,1945
25810,1939
25820,1936
25830,1946
25840,1943
25850,1934
25860,1949
25870,1946
25880,1934
25890,1936
25900,1936
25910,1936
25920,1941
25930,1938
25940,1935
25950,1941
25960,1939
25970,1948
25980,1937
25990,1943
26000,1954
26010,1936
26020,1933
26030,1936
26040,1945
26050,1936
26060,1934
26070,1936
26080,1950
26090,1929
26100,1937
26110,1936
26120,1929
26130,1936
26140,1936
26150,1943
26160,1936
26170,1939
26180,1936
26190,1936
26200,1932
26210,1943
26220,1947
26230,1936
26240,1937
26250,1956
26260,1936
26270,1936
26280,1953
26291,2107
26300,1946
26310,1937
26320,1936
26330,1951
26340,1932
26350,1936
26360,1935
26370,1947
26380,1939
26390,1943
26400,1936
26410,1941
26420,1936
26430,1934
26440,1943
26450,1950
26460,1939
26470,1945
26480,1946
26490,1942
26500,1939
26510,1937
26520,1926
26530,1931
26540,1946
26550,1936
26560,1941
26570,1941
26580,1938
26590,1936
26600,1949
26610,1936
26620,1934
26630,1947
26640,1947
26650,1943
26660,1939
26670,1950
26680,1935
26690,1953
26700,1936
26710,1932
26720,1942
26730,2011
26740,1939
26750,1935
26760,1940
26770,1949
26780,1934
26790,1937
26800,1934
26810,1945
26820,1939
26830,1938
26840,1943
26850,1942
26860,1935
26870,1938
26880,1936
26890,2245
26900,2003
26910,1944
26920,1938
26930,1939
26940,1952
26950,1951
26960,1938
26970,1949
26980,1925
26990,1947
27000,1947
27010,1936
27020,1933
27030,1938
27040,1942
27050,1930
27060,1936
27070,1945
27080,1938
27090,1946
27100,1957
27110,1939
27120,1945
27130,1945
27140,1931
27150,1937
27160,1936
27170,1951
27180,1923
27190,1951
27200,1936
27210,1940
27220,1945
27230,1935
27240,1936
27250,1952
27260,1953
27270,1936
27280,1946
27290,1942
27300,1934
27310,1947
27320,1936
27330,1920
27340,1951
27350,1934
27360,1935
27370,1942
27380,1932
27390,1937
27400,1938
27410,1954
27420,1951
27430,1936
27440,1936
27450,1947
27460,1936
27470,1934
27480,1933
27490,1933
27500,2279
27510,2001
27520,1955
27530,1949
27540,1931
27550,1931
27560,1933
27570,1929
27580,1932
27590,1942
27600,1936
27610,1931
27620,1936
27630,1949
27640,1936
27650,1957
27660,1938
27670,1942
27680,1931
27690,1936
27700,1937
27710,1936
27720,1936
27730,1958
27740,1931
27750,1920
27760,1926
27770,1946
27780,1922
27790,1936
27800,1953
27810,1936
27820,1943
27830,1940
27840,1936
27850,1938
27860,1920
27870,1936
27880,1940
27890,1962
27900,1949
27910,1939
27920,1944
27930,1925
27940,1936
27950,1943
27960,1949
27970,1932
27980,1947
27990,1931
28000,1920
28010,1935
28020,1933
28030,1943
28040,1938
28050,1936
28060,1921
28070,1942
28080,1938
28090,1936
28100,1937
28110,2009
28120,2002
28130,1939
28140,1941
28150,1946
28160,1957
28170,1954
28180,1941
28190,1931
28200,1943
28210,1942
28220,1945
28230,1941
28240,1949
28250,1939
28260,1939
28270,1936
28280,1943
28290,1943
28300,1927
28310,1952
28320,1933
28330,1934
28340,1935
28350,1932
28360,1940
28370,1950
28380,1941
28390,1943
28400,1943
28410,1941
28420,1942
28430,1936
28440,1920
28450,1950
28460,1954
28470,1931
28480,1941
28490,1936
28500,1937
28510,1957
28520,1936
28530,1943
28540,1937
28550,1942
28560,1954
28570,1936
28580,1945
28590,1947
28600,1936
28610,1943
28620,1933
28630,1935
28640,1942
28650,1942
28660,1945
28670,1933
28680,1937
28690,1936
28700,1938
28710,1936
28720,2305
28730,2010
28740,1943
28750,1931
28760,1936
28770,1963
28780,1936
28790,1945
28800,1936
28810,1928
28820,1938
28830,1945
28841,1943
28850,1941
28860,1967
28870,1938
28880,1945
28890,1938
28900,1952
28910,1937
28920,1940
28930,1927
28940,1934
28950,1941
28960,1936
28970,1945
28980,1952
28990,1943
29000,1939
29010,1949
29020,1929
29030,1950
29040,1939
29050,1926
29060,1931
29070,1950
29080,1950
29090,1941
29100,1946
29110,1939
29120,1950
29130,1943
29140,1943
29150,1925
29160,1936
29170,1942
29180,1951
29190,1941
29200,1941
29210,1962
29220,1942
29230,1944
29240,1939
29250,1936
29260,1939
29270,1936
29280,1951
29290,1955
29300,1926
29310,1943
29320,1942
29330,2285
29340,2005
29350,1958
29360,1941
29370,1937
29380,1931
29390,1947
29400,1945
29410,1962
29420,1937
29430,1937
29440,1943
29450,1933
29460,1939
29470,1941
29480,1936
29490,1938
29500,1931
29510,1936
29520,1936
29530,1941
29540,1937
29550,1931
29560,1936
29570,1931
29580,1933
29590,1946
29600,1929
29610,1950
29620,1933
29630,1953
29640,1945
29650,1936
29660,1949
29670,1936
29680,1939
29690,1927
29700,1920
29710,1935
29720,1930
29730,1936
29740,1936
29750,1939
29760,1938
29770,1934
29780,1945
29790,1952
29800,1936
29810,1941
29820,1957
29830,1953
29840,1938
29850,1936
29860,1933
29870,1937
29880,1942
29890,1941
29900,1935
29910,1931
29920,1943
29930,1946
29940,2337
29950,1977
29960,1938
29970,1937
29980,1951
29990,1933
30000,1945
30010,1936
30020,1942
30030,1934
30040,1937
30050,1943
30060,1950
30070,1950
30080,1935
30090,1933
30100,1939
30110,1938
30120,1953
30130,1931
30140,1936
30150,1947
30160,1936
30170,1955
30180,1936
30190,1936
30200,1926
30210,1948
30220,1954
30230,1936
30240,1936
30250,1945
30260,1936
30270,1941
30280,1941
30290,1951
30300,1939
30310,1958
30320,1941
30330,1937
30340,1953
30350,1942
30360,1938
30370,1940
30380,1939
30390,1936
30400,1938
30410,1940
30420,1938
30430,1936
30440,1947
30450,1955
30460,1930
30470,1927
30480,1936
30490,1943
30500,1945
30510,1947
30520,1953
30530,1933
30540,1942
30550,2341
30560,2002
30570,1922
30581,1946
30590,1940
30600,1937
30610,1947
30620,1936
30630,1936
30640,1946
30650,1936
30660,1953
30670,1949
30680,1936
30690,1953
30700,1955
30710,1941
30720,1945
30730,1926
30740,1952
30750,1939
30760,1934
30770,1941
30780,1941
30790,1949
30800,1953
30810,1932
30820,1938
30830,1950
30840,1949
30850,1956
30860,1938
30870,1936
30880,1939
30890,1947
30900,1953
30910,1943
30920,1962
30930,1952
30940,1936
30950,1934
30960,1939
30970,1921
30980,1931
30990,1946
31000,1951
31010,1932
31020,1936
31030,1949
31040,1936
31050,1936
31060,1936
31070,1939
31080,1962
31090,1945
31100,1945
31110,1945
31120,1941
31130,1934
31140,1947
31150,1941
31160,1943
31170,2000
31180,1940
31190,1935
31200,1957
31210,1936
31220,1946
31230,1936
31240,1949
31250,1954
31260,1936
31270,1946
31280,1946
31290,1936
31300,1931
31310,1941
31320,1946
31330,1935
31340,1938
31350,1949
31360,1935
31370,1941
31380,1939
31390,1935
31401,1941
31410,1958
31420,1938
31430,1934
31440,1963
31450,1919
31460,1956
31470,1942
31480,1938
31490,1936
31500,1943
31510,1957
31520,1943
31530,1937
31540,1942
31550,1949
31560,1942
31570,1954
31580,1936
31590,1935
31600,1936
31610,1936
31620,1953
31630,1951
31640,1938
31650,1951
31660,1941
31670,1939
31680,1963
31690,1937
31700,1943
31710,1930
31720,1936
31730,1934
31740,1954
31750,1943
31760,1939
31770,1939
31780,2006
31790,2015
31800,1936
31811,1936
31820,1953
31830,1951
31840,1943
31850,1946
31860,1936
31870,1952
31880,1940
31890,1946
31900,1959
31910,1943
31920,1936
31930,1938
31940,1937
31950,1938
31960,1943
31970,1955
31980,1936
31990,1936
32000,1948
32010,1949
32020,1936
32030,1935
32040,1935
32050,1937
32060,1931
32070,1947
32080,1936
32090,1943
32100,1940
32110,1957
32120,1937
32130,1943
32140,1937
32150,1941
32160,1936
32170,1939
32180,1936
32190,1938
32200,1936
32210,1944
32220,1950
32230,1955
32240,1930
32250,1934
32260,1936
32270,1950
32280,1921
32290,1944
32300,1946
32310,1936
32320,1943
32330,1937
32340,1952
32350,1939
32360,1937
32370,1939
32380,2322
32390,2013
32400,1937
32410,2032
32420,1950
32430,1948
32440,1922
32450,1945
32460,1927
32470,1949
32480,1947
32490,1951
32500,1949
32510,1943
32520,1931
32530,1942
32540,1937
32550,1946
32560,1936
32570,1953
32580,1950
32590,1942
32600,1938
32610,1936
32620,1953
32630,1932
32640,1929
32650,1935
32660,1938
32670,1921
32680,1939
32690,1942
32700,1946
32710,1934
32720,1931
32730,1942
32740,1936
32750,1934
32760,1939
32770,1951
32780,1953
32790,1936
32800,1934
32810,1941
32820,1935
32830,1936
32840,1936
32850,1942
32860,1935
32870,1937
32880,1950
32890,1943
32900,1942
32910,1939
32920,1949
32930,1930
32940,1945
32950,1936
32960,1936
32970,1924
32980,1936
32990,2283
33000,2007
33010,1940
33020,1932
33030,1951
33040,1934
33050,1942
33060,1932
33070,2013
33080,1946
33090,1936
33100,1952
33110,1937
33120,1934
33130,1937
33140,1936
33150,1937
33160,1938
33170,1956
33180,1946
33190,1939
33200,1921
33210,1937
33220,1936
33230,1938
33240,1938
33250,1959
33260,1931
33270,1931
33280,1934
33290,1951
33300,1943
33310,1942
33320,1944
33330,1942
33340,1951
33350,1950
33360,1959
33370,1904
33380,1943
33390,1949
33400,1935
33410,1938
33420,1941
33430,1941
33440,1941
33450,1945
33460,1952
33470,1936
33480,1936
33490,1948
33500,1952
33510,1929
33520,1943
33530,1950
33540,1949
33550,1942
33560,1954
33570,1936
33580,1945
33590,1951
33600,1949
33610,2003
33620,1937
33630,1931
33640,1947
33650,1944
33660,1936
33670,1951
33680,1926
33690,1920
33700,1942
33710,1935
33720,1936
33730,1951
33740,1947
33750,1947
33760,1936
33770,1949
33780,1934
33790,1937
33800,1931
33810,1956
33820,1937
33830,1937
33840,1947
33850,1947
33860,1941
33870,1938
33880,1925
33890,1947
33900,1947
33910,1943
33920,1936
33930,1951
33940,1938
33950,1945
33961,1951
33970,1940
33980,1936
33990,1935
34000,1958
34010,1936
34020,1956
34030,1940
34040,1936
34050,1936
34060,1939
34070,1931
34080,1947
34090,1936
34100,1936
34110,1947
34120,1962
34130,1952
34140,1927
34150,1941
34160,1935
34170,1947
34180,1947
34190,1943
34200,1952
34210,2359
34220,2014
34230,1936
34240,1937
34250,1941
34260,1951
34270,1939
34280,1935
34290,1950
34300,1943
34310,1942
34320,1938
34330,1943
34340,1936
34350,1939
34360,1953
34370,1971
34380,1946
34390,1937
34400,1947
34410,1953
34420,1934
34430,1936
34440,1934
34450,1946
34460,1952
34470,1937
34480,1951
34490,1936
34500,1946
34510,1931
34520,1944
34530,1929
34540,1941
34550,1942
34560,1939
34570,1927
34580,1939
34590,1939
34600,1936
34610,1950
34620,1935
34630,1926
34640,1936
34650,1937
34660,1943
34670,1936
34680,1950
34690,1937
34700,1945
34710,1937
34720,1941
34730,1936
34740,1941
34750,1936
34760,1949
34770,1942
34780,1954
34790,1936
34800,1946
34810,1969
34820,2286
34830,2015
34840,1931
34850,1951
34860,1956
34870,1930
34880,1936
34890,1939
34900,1894
34910,1931
34920,1827
34930,1939
34940,1952
34950,1933
34960,1938
34970,1947
34980,1936
34990,1939
35000,1936
35010,1946
35020,1939
35030,1937
35040,1941
35050,1936
35060,1938
35070,1940
35080,1939
35090,1951
35100,1937
35110,1951
35120,1941
35130,1934
35140,1946
35150,1936
35160,1935
35170,1936
35180,1943
35190,1943
35200,1936
35210,1955
35220,1934
35230,1947
35240,1943
35250,1925
35260,1943
35270,1924
35280,1954
35290,1937
35300,1936
35310,1935
35320,1936
35330,1952
35340,1951
35350,1935
35360,1936
35370,1937
35380,1936
35390,1968
35400,1936
35410,1952
35420,1945
35430,1953
35440,2007
35450,1941
35460,1987
35470,1936
35480,1935
35490,1933
35500,1947
35510,1943
35520,1936
35530,1998
35540,1942
35550,1966
35560,1935
35570,1947
35580,1958
35590,1936
35600,1958
35610,1946
35620,1940
35630,1939
35640,1951
35650,1935
35660,1936
35670,1925
35680,1937
35690,1971
35700,1936
35710,1942
35720,1954
35730,1953
35740,1941
35750,1951
35760,1937
35770,1936
35780,1940
35790,1949
35800,1936
35810,1945
35820,1946
35830,1933
35840,1949
35850,1939
35860,1939
35870,1943
35880,1941
35890,1930
35900,1946
35910,1942
35920,1933
35930,1943
35940,1954
35950,1937
35960,1937
35970,1969
35980,1940
35990,1953
36000,1926
36010,1952
36020,1939
36030,1915
36040,2303
36050,2010
36060,1936
36070,1947
36080,1947
36090,1937
36100,1955
36110,1946
36120,1938
36130,1927
36140,1939
36150,1943
36160,1935
36170,1946
36180,1936
36190,1926
36200,1951
36210,1937
36220,1936
36230,1950
36240,1943
36250,1927
36260,1941
36270,1937
36280,1934
36290,1936
36300,1941
36310,1936
36320,1940
36330,1934
36340,1950
36350,1942
36360,1939
36370,1943
36380,1938
36390,1943
36400,1938
36410,1956
36420,1934
36430,1937
36440,1943
36450,1951
36460,1936
36470,1947
36480,1938
36490,1947
36500,1936
36510,1961
36520,1941
36530,1939
36540,1947
36550,1950
36560,1948
36570,1934
36580,1933
36590,1946
36600,1930
36610,1937
36620,1925
36630,1942
36640,1940
36650,2131
36660,2019
36670,1940
36680,1924
36690,1953
36700,1930
36710,1931
36720,1938
36730,1945
36740,1936
36750,1946
36760,1937
36770,1942
36780,1985
36790,1939
36800,1946
36810,1937
36820,1936
36830,1936
36840,1941
36850,1945
36860,1933
36870,1923
36880,1995
36890,1943
36900,1943
36910,1951
36920,1943
36930,1941
36940,1932
36950,1939
36960,1935
36970,1933
36980,1952
36990,1947
37000,1941
37010,1947
37020,1940
37030,1947
37040,1934
37050,1957
37060,1937
37070,1943
37080,1904
37090,1933
37100,1936
37110,1952
37120,1951
37130,1934
37140,1941
37150,1936
37160,1946
37170,1952
37180,2033
37190,1934
37200,1936
37210,1953
37220,1929
37230,1939
37240,1932
37250,1947
37260,2373
37270,2012
37280,1958
37290,1941
37300,1949
37310,1931
37320,1946
37330,1939
37340,1939
37350,1943
37360,1937
37370,1975
37380,1983
37390,1937
37400,1939
37410,1946
37420,1931
37430,1951
37440,1953
37450,1940
37460,1951
37470,1947
37480,1936
37490,1946
37500,1946
37510,1942
37520,1953
37530,1936
37540,1942
37550,1939
37560,1954
37570,1941
37580,1938
37590,1947
37600,1949
37610,1936
37620,1936
37630,1936
37640,1941
37650,1937
37660,1952
37670,1933
37680,1947
37690,1953
37700,1929
37710,1937
37720,1939
37730,1936
37740,1946
37750,1942
37760,1938
37770,1932
37780,1927
37790,1923
37800,1936
37810,1934
37820,1936
37830,1941
37840,1936
37850,1934
37860,1953
37870,1918
37880,2114
37890,1933
37900,1954
37910,1943
37920,1957
37930,1955
37940,1938
37950,1949
37960,1936
37970,1949
37980,1942
37990,1946
38000,1937
38010,1936
38020,1935
38030,1950
38040,1941
38050,1953
38060,1943
38070,1918
38080,1952
38090,1958
38100,1938
38110,1942
38120,1938
38130,1930
38140,1943
38150,1933
38160,1936
38170,1937
38180,1947
38190,1948
38200,1948
38210,1947
38220,1951
38230,1934
38240,1951
38250,1938
38260,1936
38270,1958
38280,1943
38290,1943
38300,1939
38310,1943
38320,1936
38330,1949
38340,1950
38350,1939
38360,1945
38370,1949
38380,1943
38390,1949
38400,1953
38410,1936
38420,1943
38430,1929
38440,1946
38450,1936
38460,1970
38470,1959
38480,2359
38490,2014
38500,1950
38510,1949
38520,1951
38530,1939
38540,1919
38550,1940
38560,1936
38570,1939
38580,1945
38590,1923
38600,1948
38610,1936
38620,1941
38630,1937
38640,1933
38650,1939
38660,1927
38670,1952
38680,1941
38690,1949
38700,1936
38710,1951
38720,1935
38730,1936
38740,1936
38750,1939
38760,1942
38770,1939
38780,1936
38790,1936
38800,1950
38810,1936
38820,1936
38830,1939
38840,1940
38850,1936
38860,1923
38870,1951
38880,1957
38890,1950
38900,1936
38910,1947
38920,1963
38930,1947
38940,1946
38950,1951
38960,1952
38970,1939
38980,1933
38990,1936
39000,1955
39010,1959
39020,1937
39030,1949
39040,1950
39050,1953
39060,1936
39070,1945
39081,1959
39090,2043
39100,2012
39110,1941
39120,1937
39130,1949
39140,1949
39150,1944
39160,1949
39170,1947
39180,1937
39190,1953
39200,1949
39210,1938
39220,1946
39230,1946
39240,1950
39250,1941
39260,1941
39270,1936
39280,1952
39290,1955
39300,1949
39310,1943
39320,1945
39330,1942
39340,1940
39350,1948
39360,1938
39370,1946
39380,1939
39390,1952
39400,1946
39410,1940
39420,1939
39430,1936
39440,1950
39450,1955
39460,1939
39470,1930
39480,1951
39490,1951
39500,1945
39510,1957
39520,1946
39530,1962
39540,1959
39550,1937
39560,1949
39570,1956
39580,1939
39590,1936
39600,1941
39610,1942
39620,1948
39630,1950
39640,1942
39650,1941
39660,1937
39670,1936
39680,1936
39690,1937
39700,1945
39710,2005
39720,1952
39730,1938
39740,1938
39750,1943
39760,1944
39770,1946
39780,1951
39790,1942
39800,1947
39810,1940
39820,1933
39830,1934
39840,1943
39850,1943
39860,1938
39870,1952
39880,1935
39890,1936
39900,1946
39910,1945
39920,1937
39930,1949
39940,1957
39950,1942
39960,1953
39970,1936
39980,1946
39990,1948
40000,1946
40010,1963
40020,1936
40030,1957
40040,1941
40050,1942
40060,1939
40070,1935
40080,1951
40090,1938
40100,1938
40110,1947
40120,1939
40130,1936
40140,1932
40150,1936
40160,1937
40170,1946
40180,1950
40190,1950
40200,1886
40210,1931
40220,1935
40230,1931
40240,1936
40250,1945
40260,1953
40270,1943
40280,1936
40290,1923
40300,1939
40310,1998
40320,2012
40330,1946
40340,1931
40350,1943
40360,1936
40370,1943
40380,1959
40390,1951
40400,1962
40410,1947
40420,1946
40430,1942
40440,1943
40450,1946
40460,1936
40470,1921
40480,1937
40490,1925
40500,1946
40510,1962
40520,1936
40530,1934
40540,1936
40550,1936
40560,1936
40570,1946
40580,1941
40590,1941
40600,1946
40610,1946
40620,1940
40630,1954
40640,1936
40650,1939
40660,1942
40670,1941
40680,1939
40690,1943
40700,1950
40710,1951
40720,1941
40730,1946
40740,1940
40750,1936
40760,1943
40770,1935
40780,1937
40790,1966
40800,1960
40810,1955
40820,1958
40830,1946
40840,1947
40850,1951
40860,1945
40870,1936
40880,1983
40890,1936
40900,1951
40910,1943
40920,2320
40931,2014
40940,1921
40950,1947
40960,1953
40970,1936
40980,1938
40990,1936
41000,1942
41010,1959
41020,1939
41030,1962
41040,1917
41050,1939
41060,1936
41070,1933
41080,1941
41090,1968
41100,1949
41110,1938
41120,1947
41130,1941
41140,1967
41150,1937
41160,1947
41170,1941
41180,1936
41190,1959
41200,1945
41210,1936
41220,1952
41230,1945
41240,1934
41250,1946
41260,1946
41270,1927
41280,1936
41290,1991
41300,1949
41310,1942
41320,1943
41330,1937
41340,1937
41350,1943
41360,1945
41370,1936
41380,1957
41390,2027
41400,1940
41410,1941
41420,1948
41430,1952
41440,1949
41450,1941
41460,1954
41470,1946
41480,1952
41490,1942
41500,1954
41510,1942
41520,1939
41530,1945
41540,2020
41551,1954
41560,1952
41570,1954
41580,1945
41590,1947
41600,1941
41610,1941
41620,1939
41630,1959
41641,1941
41650,1950
41660,1952
41670,1936
41680,1941
41690,1990
41700,1955
41710,1937
41720,1938
41730,1951
41740,1939
41750,1918
41760,1949
41770,1934
41780,1937
41790,1947
41800,1936
41810,1955
41820,1946
41830,1937
41840,1945
41850,1938
41860,1952
41870,1941
41880,1946
41890,1953
41900,1939
41910,1935
41920,1934
41930,1935
41940,1946
41950,1949
41960,1962
41970,1964
41980,1954
41990,1936
42000,1936
42010,1946
42020,1943
42030,1941
42040,1936
42050,1933
42060,1923
42070,1948
42080,1927
42090,1946
42100,1952
42110,1942
42120,1947
42130,1954
42140,2357
42150,2014
42160,1949
42170,1952
42180,1945
42190,1941
42200,1951
42210,1951
42220,1944
42230,1934
42240,1953
42250,1938
42260,1945
42270,1939
42280,1942
42290,1939
42300,1936
42310,1936
42320,1943
42330,1946
42340,1936
42350,1947
42360,1948
42370,1955
42380,1953
42390,1941
42400,1945
42410,1939
42420,1951
42430,1937
42440,1935
42450,1946
42460,1959
42470,1941
42480,1936
42490,1942
42500,1931
42510,1949
42520,1955
42530,1943
42540,1946
42550,1938
42560,1950
42570,1949
42580,1940
42590,1941
42600,1955
42610,1936
42620,1947
42630,1938
42640,1937
42650,1935
42660,1938
42670,1919
42680,1936
42690,1926
42700,1938
42710,1965
42720,1936
42730,1933
42740,1939
42750,2288
42760,2014
42770,1948
42780,1942
42790,1963
42800,1943
42810,1947
42820,1951
42830,1947
42840,1934
42850,1958
42860,1951
42870,1942
42880,1936
42890,1937
42900,1952
42910,1947
42920,1938
42930,1936
42940,1937
42950,1947
42960,1953
42970,1952
42980,1936
42990,1933
43000,1946
43010,1941
43020,1949
43030,1947
43040,1935
43050,1965
43060,1936
43070,1939
43080,1954
43090,1936
43100,1936
43110,1947
43120,1938
43130,1938
43140,1946
43150,1943
43160,1937
43170,1936
43180,1937
43190,1951
43200,1945
43210,1933
43220,1941
43230,1944
43240,1935
43250,1943
43260,1949
43270,1951
43280,1939
43290,1940
43300,1954
43310,1949
43320,1950
43330,1950
43340,1938
43350,1941
43360,2351
43370,2014
43380,1953
43390,1947
43400,1945
43410,1942
43420,1933
43430,1931
43440,1942
43450,1949
43460,1939
43470,1946
43480,1937
43490,1879
43500,1937
43510,1935
43520,1945
43530,1941
43540,1936
43550,1947
43560,1947
43570,1943
43580,1936
43590,1941
43600,1949
43610,1939
43620,1935
43630,1951
43640,1931
43650,1943
43660,1931
43670,1930
43680,1952
43690,1936
43700,1950
43710,1950
43720,1949
43730,1939
43740,1946
43750,1951
43760,1936
43770,1938
43780,1945
43790,1947
43800,1956
43810,1936
43820,1936
43830,1936
43840,1935
43850,1945
43860,1950
43870,1953
43880,1951
43890,1933
43900,1963
43910,1953
43920,1927
43930,1950
43940,1936
43950,1949
43960,1930
43970,2336
43980,2007
43990,1950
44000,1941
44010,1936
44020,1941
44030,1943
44040,1939
44050,1955
44060,1940
44070,1936
44080,1941
44090,1949
44100,1937
44110,1943
44120,1936
44130,1939
44140,1935
44150,1939
44160,1934
44170,1950
44180,1936
44190,1936
44201,1943
44210,1938
44220,1931
44230,1943
44240,1951
44250,1949
44260,1936
44270,1940
44280,1941
44290,1957
44300,1947
44310,1939
44320,1941
44330,1937
44340,1942
44350,1945
44360,1936
44370,1930
44380,1936
44390,1937
44400,1950
44410,1953
44420,1951
44430,1934
44440,1947
44450,1968
44460,1954
44470,1942
44480,1942
44490,1929
44500,1938
44510,1934
44520,1949
44530,1943
44540,1953
44550,1939
44560,1938
44570,1949
44580,2304
44590,2044
44600,2128
44611,1942
44620,1942
44630,1947
44640,1938
44650,1942
44660,1943
44670,1936
44680,1936
44690,1946
44700,1949
44710,1936
44720,1936
44730,1936
44740,1953
44750,1951
44760,1939
44770,1946
44780,1954
44790,1957
44800,1939
44810,1939
44820,1939
44830,1941
44840,1939
44850,1947
44860,1958
44870,1945
44880,1951
44890,1936
44900,1936
44910,1945
44920,1931
44930,1943
44940,1935
44950,1946
44960,1949
44970,1950
44980,1947
44990,1939
45000,1950
45010,1943
45020,1950
45030,1942
45040,1923
45050,1939
45060,1935
45070,1937
45080,1930
45090,1943
45100,1942
45110,1943
45120,1953
45130,1937
45140,1927
45150,1947
45160,1945
45170,1941
45180,1943
45190,2283
45200,2020
45210,1947
45220,1939
45230,1943
45240,1941
45250,1953
45260,1946
45270,1949
45280,1938
45290,1935
45300,2001
45310,1951
45320,1956
45330,1947
45340,1961
45350,1949
45360,1958
45370,1936
45380,1936
45390,1932
45400,1871
45410,1945
45420,1940
45430,1951
45440,1949
45450,1939
45460,1936
45470,1940
45480,1943
45490,1927
45500,1899
45510,1943
45520,1936
45530,1947
45540,1937
45550,1938
45560,1936
45570,1939
45580,1938
45590,1932
45600,1943
45610,1947
45620,1939
45630,1951
45640,1933
45650,1957
45660,1946
45670,1937
45680,1937
45690,1934
45700,1943
45710,1950
45720,1934
45730,1940
45740,1933
45750,1945
45760,1946
45770,1945
45780,1935
45790,1961
45800,2281
45810,2000
45820,1957
45830,1941
45840,1952
45850,1938
45860,1936
45870,1926
45880,1951
45890,1981
45900,1943
45910,1959
45920,1934
45930,1942
45940,1945
45950,1936
45960,1954
45970,1939
45980,1940
45990,1939
46000,1952
46010,1952
46020,1942
46030,1935
46040,1945
46050,1945
46060,1934
46070,1950
46080,1933
46090,1932
46100,1951
46110,1938
46120,1951
46130,1947
46140,1936
46150,1925
46160,1936
46170,1929
46180,1949
46190,1937
46200,1935
46210,1945
46220,1930
46230,1936
46240,1939
46250,1949
46260,1935
46270,1936
46280,1939
46290,1948
46300,1894
46310,1935
46320,1948
46330,1939
46340,1953
46350,1934
46360,1936
46370,1936
46380,1937
46390,1938
46400,1936
46410,2341
46420,1999
46430,1963
46440,1947
46450,1942
46460,1953
46470,1946
46480,1937
46490,1930
46500,1927
46510,1935
46520,1942
46530,1939
46540,1941
46550,1947
46560,1950
46570,1951
46580,1938
46590,1951
46600,1941
46610,1958
46620,1938
46630,1947
46640,1936
46650,1936
46660,1938
46670,1951
46680,1943
46690,1935
46700,1947
46710,1951
46720,1936
46730,1936
46740,1943
46750,1940
46761,1949
46770,1936
46780,1946
46790,1950
46800,1950
46810,1951
46820,1947
46830,1946
46840,1931
46850,1936
46860,1949
46870,1941
46880,1935
46890,1936
46900,1940
46910,1931
46920,1919
46930,1936
46940,1936
46950,1939
46960,1940
46970,1943
46980,1940
46990,1942
47000,1949
47010,1955
47020,2286
47030,2026
47040,1935
47050,1941
47060,1936
47070,1936
47080,1941
47090,1942
47100,1930
47110,1937
47120,1936
47130,1935
47140,1942
47150,1944
47160,1942
47170,1930
47180,1946
47190,1937
47200,1936
47210,1936
47220,1949
47230,1956
47240,1950
47250,1938
47260,1949
47270,1950
47280,1953
47290,1951
47300,1952
47310,1943
47320,1925
47330,1936
47340,1949
47350,1935
47360,1940
47370,1929
47380,1934
47390,1952
47400,1946
47410,1938
47420,1937
47430,1933
47440,1933
47450,1923
47460,1945
47470,1937
47480,1949
47490,1943
47500,1940
47510,1945
47520,1946
47530,1947
47540,1941
47550,1952
47560,1954
47570,1948
47580,1947
47590,1941
47600,1937
47610,1940
47620,1947
47630,2317
47640,2005
47650,1937
47660,1938
47670,1936
47680,1939
47690,1777
47700,1938
47710,1935
47720,1938
47730,1936
47740,1933
47750,1936
47760,1936
47770,1945
47780,1927
47790,1951
47800,1953
47810,1958
47820,1930
47830,1930
47840,1942
47850,1932
47860,1942
47870,1949
47880,1947
47890,1951
47900,1943
47910,1936
47920,1943
47930,1937
47940,1947
47950,1941
47960,1927
47970,1941
47980,1930
47990,1936
48000,1936
48010,1933
48020,1933
48030,1945
48040,1937
48050,1939
48060,1951
48070,1938
48080,1938
48090,1949
48100,1952
48110,1953
48120,1936
48130,1937
48140,1937
48150,1951
48160,1938
48170,1956
48180,1945
48190,1943
48200,1947
48210,1947
48220,1943
48230,1936
48240,2305
48250,1997
48260,1934
48270,1944
48280,1937
48290,1938
48300,1936
48310,1958
48320,1943
48330,1936
48340,1936
48350,1936
48360,1925
48370,1936
48380,1933
48390,1951
48400,1939
48410,1942
48420,1942
48430,1952
48440,1942
48450,1952
48460,1940
48470,1941
48480,1933
48490,1925
48500,1951
48510,1955
48520,1942
48530,1934
48540,1936
48550,1933
48560,1965
48570,1931
48580,1937
48590,1936
48600,1931
48610,1942
48620,1942
48630,1934
48640,1936
48650,1944
48660,1940
48670,1955
48680,1937
48690,1936
48700,1933
48710,1941
48720,1927
48730,1945
48740,1938
48750,1936
48760,1936
48770,1945
48780,1937
48790,1951
48800,1940
48810,1935
48820,1950
48830,1951
48840,1937
48850,2130
48860,2000
48870,1936
48880,1931
48890,1939
48900,1937
48910,1936
48920,1954
48930,1934
48940,1933
48950,1952
48960,1962
48970,1935
48980,1936
48990,1948
49000,1936
49010,1936
49020,1936
49030,1954
49040,1951
49050,1936
49060,1929
49070,1937
49080,1936
49090,1937
49100,1937
49110,1941
49120,1938
49130,1945
49140,1933
49150,1940
49160,1937
49170,1943
49180,1959
49190,1946
49200,1926
49210,1936
49220,1942
49230,1939
49240,1938
49250,1952
49260,1941
49270,1929
49280,1937
49290,1951
49300,1939
49310,1937
49320,1945
49330,1938
49340,1941
49350,1936
49360,1936
49370,1955
49380,1922
49390,1937
49400,1933
49410,1939
49420,1947
49430,1935
49440,1943
49450,1937
49460,2269
49470,1995
49480,1941
49490,1950
49500,1931
49510,1927
49520,1937
49530,1969
49540,1940
49550,1935
49560,1939
49570,1940
49580,1935
49590,1936
49600,1938
49610,2017
49620,1937
49630,1942
49640,1938
49650,1947
49660,1947
49670,1935
49680,1936
49690,1943
49700,1947
49710,2016
49720,1937
49730,1945
49740,1936
49750,1937
49760,1936
49770,1949
49780,1945
49790,1937
49800,1917
49810,1938
49820,1935
49830,1939
49840,1942
49850,1939
49860,1936
49870,1939
49880,1947
49890,1937
49900,1951
49910,1958
49920,1936
49930,1943
49940,1938
49950,1938
49960,1946
49970,1941
49980,1924
49990,1934
50000,1940
50010,1944
50020,1942
50030,1939
50040,1929
50050,1936
50060,1950
50070,2283
50080,1991
50090,1931
50100,1950
50110,1942
50120,1939
50130,1949
50141,1939
50150,1943
50160,1924
50170,1936
50180,1936
50190,1929
50200,1949
50210,1955
50220,1939
50230,1936
50240,1938
50250,1955
50260,1947
50270,1937
50280,1936
50290,1947
50300,1936
50310,1931
50320,1936
50330,1936
50340,1947
50350,1941
50360,1951
50370,1936
50380,1929
50390,1936
50400,1943
50410,1952
50420,1950
50430,1938
50440,1952
50450,1946
50460,1933
50470,1951
50480,1945
50490,1941
50500,1943
50510,1943
50520,1936
50530,1940
50540,1936
50550,1959
50560,1938
50570,1936
50580,1931
50590,1946
50600,1936
50610,1937
50620,1939
50630,1932
50640,1936
50650,1951
50660,1941
50670,1934
50680,2261
50690,2000
50700,1950
50710,1949
50720,1946
50730,1939
50740,1937
50750,1941
50760,1947
50770,1935
50780,1947
50790,1942
50800,1944
50810,1934
50820,1949
50830,1939
50840,1951
50850,1931
50860,1965
50870,1940
50880,1925
50890,1947
50900,1959
50910,1936
50920,1954
50930,1956
50940,1936
50950,1942
50960,1939
50970,1942
50980,1936
50990,1930
51000,1929
51010,1957
51020,1933
51030,1945
51040,1927
51050,1951
51060,1935
51070,1939
51080,1951
51090,1938
51100,1957
51110,1943
51120,1935
51130,1936
51140,1927
51150,1936
51160,1943
51170,1949
51180,1950
51190,1933
51200,1936
51210,1937
51220,1926
51230,1938
51240,1959
51250,1936
51260,1940
51270,1935
51280,1936
51290,1939
51300,2010
51310,1953
51320,1906
51330,1959
51340,1936
51350,1936
51360,1929
51370,1931
51380,1946
51390,1941
51400,1951
51410,1930
51420,1939
51430,1936
51440,1935
51450,1929
51460,1936
51470,1937
51480,1931
51490,1948
51500,1956
51510,1950
51520,1937
51530,1946
51540,1933
51550,1936
51560,1937
51570,1949
51580,1939
51590,1957
51600,1952
51610,1948
51620,1935
51630,1929
51640,1920
51650,1936
51660,1929
51670,1935
51680,1947
51690,1950
51700,1953
51710,1936
51720,1940
51730,1942
51740,1937
51750,1939
51760,1953
51770,1937
51780,1936
51790,1950
51800,1951
51810,1942
51820,1954
51830,1935
51840,1954
51850,1931
51860,1937
51870,1945
51880,1947
51890,1936
51900,1950
51910,1990
51920,1933
51930,1944
51940,1945
51950,1937
51960,1936
51970,1945
51980,1939
51990,1943
52000,1941
52010,1939
52020,1938
52030,1943
52040,1937
52050,1932
52060,1952
52070,1939
52080,1955
52090,1937
52100,1951
52110,1950
52120,1934
52130,1942
52140,1933
52150,1953
52160,1945
52170,1958
52180,1938
52190,1943
52200,1945
52210,1943
52220,1951
52230,1936
52240,1934
52250,1943
52260,1940
52270,1965
52280,1952
52290,1927
52300,1947
52310,1941
52320,1923
52330,1941
52340,1940
52350,1946
52360,1941
52370,1938
52380,1936
52390,1941
52400,1948
52410,1970
52420,1936
52430,1936
52440,1936
52450,1937
52460,1946
52470,1936
52480,1948
52490,1936
52500,1929
52510,2326
52520,2005
52530,1954
52540,1941
52550,1935
52560,1946
52570,1952
52580,1938
52590,1935
52600,1940
52610,1938
52620,1931
52630,1946
52640,1930
52650,1949
52660,1941
52670,1930
52680,1934
52690,1936
52700,1951
52710,1941
52720,1963
52730,1937
52740,1939
52750,1930
52760,1927
52770,1935
52780,1937
52790,1931
52800,1932
52810,1951
52820,1919
52830,1935
52840,1936
52850,2000
52860,1947
52870,1939
52880,1939
52890,1936
52900,1945
52910,1952
52920,1930
52930,1936
52940,1936
52950,1936
52960,1936
52970,1937
52980,1936
52990,1956
53000,1947
53010,1949
53020,1953
53030,1946
53040,1936
53050,1936
53060,1939
53070,1936
53080,1949
53090,1949
53100,1942
53110,1941
53120,2288
53130,2007
53140,1941
53150,1939
53160,1936
53170,1933
53180,1941
53190,1937
53200,1933
53210,1942
53220,1939
53230,1947
53240,1940
53250,1941
53260,1939
53270,1937
53280,1959
53290,1939
53300,1937
53310,1946
53320,1940
53330,1941
53340,1936
53350,1951
53360,1948
53370,1936
53380,1945
53390,1937
53400,1964
53410,1947
53420,1939
53430,1948
53440,1950
53450,1956
53460,1950
53470,1941
53480,1937
53490,1927
53500,1935
53510,1936
53520,1929
53530,1955
53540,1934
53550,1939
53560,1947
53570,1950
53580,1936
53590,1937
53600,1941
53610,1957
53620,1958
53630,1936
53640,1947
53650,1942
53660,1938
53670,1930
53680,1947
53690,1949
53700,1950
53710,1952
53720,1939
53730,1939
53740,2001
53750,1943
53760,1930
53770,1943
53780,1936
53790,1950
53800,1939
53810,1937
53820,1943
53830,1936
53840,1954
53850,1940
53860,1954
53870,1941
53880,1939
53890,1936
53900,1951
53910,1952
53920,1936
53930,1950
53940,1937
53950,1950
53960,1935
53970,1945
53980,1937
53990,1953
54000,1954
54010,1950
54020,1937
54030,1950
54040,1927
54050,1931
54060,1939
54070,1939
54080,1943
54090,1939
54100,1951
54110,1937
54120,1935
54130,1931
54140,1943
54150,1930
54160,1941
54170,1929
54180,1941
54190,1938
54200,1951
54210,1955
54220,1936
54230,1953
54240,1945
54250,1934
54260,1959
54270,1947
54280,1937
54290,1955
54300,1946
54310,1970
54320,1954
54330,1941
54340,1939
54350,2005
54360,1937
54370,1954
54380,1943
54390,1927
54400,1937
54410,1952
54420,1942
54430,1968
54440,1946
54450,1935
54460,1941
54470,1947
54480,1950
54490,1937
54500,1945
54510,1938
54520,1937
54530,1943
54540,1947
54550,1942
54560,1952
54570,1937
54580,1939
54590,1943
54600,1939
54610,1946
54620,1939
54630,1939
54640,1942
54650,1942
54660,1935
54670,1940
54680,1938
54690,1938
54700,1947
54710,1939
54720,1961
54730,1941
54740,1952
54750,1943
54760,1936
54770,1936
54780,1949
54790,1950
54800,1941
54810,1948
54820,1943
54830,1949
54840,1967
54850,1943
54860,1955
54870,1943
54880,1949
54890,1938
54900,1952
54910,1947
54920,1938
54930,1934
54940,1951
54950,2135
54960,2000
54970,1945
54980,1937
54990,1938
55000,1951
55010,1923
55020,1936
55030,1936
55040,1939
55050,1933
55060,1953
55070,1938
55080,1949
55090,1936
55100,1937
55110,1958
55120,1927
55130,1923
55140,1936
55150,1937
55160,1938
55170,1958
55180,1936
55190,1934
55200,1942
55210,1946
55220,1950
55230,1955
55240,1945
55250,1936
55260,1936
55270,1942
55280,1931
55290,1941
55300,1936
55310,1933
55320,1942
55330,1934
55340,1946
55350,1936
55360,1936
55370,1971
55380,1955
55390,1935
55400,1937
55410,1954
55420,1943
55430,1932
55440,1953
55450,1939
55460,1946
55470,1942
55480,1949
55490,1938
55500,1936
55510,1943
55520,1943
55530,1953
55540,1939
55550,1955
55560,1948
55570,2000
55580,1952
55590,1933
55600,1946
55610,1939
55620,1941
55630,1942
55640,1959
55650,1930
55660,1943
55670,1936
55680,1940
55690,1943
55700,1939
55710,1957
55720,1937
55730,1946
55740,1932
55750,1949
55760,1937
55770,1924
55780,1946
55790,1936
55800,1921
55810,1949
55820,1936
55830,1947
55840,1946
55850,1923
55860,1948
55870,1936
55880,1948
55890,1948
55900,1935
55910,1943
55920,1926
55930,1936
55940,1955
55950,1951
55960,1936
55970,1947
55980,1941
55990,1942
56000,1937
56010,1935
56020,1922
56030,1935
56040,1938
56050,1938
56060,1941
56070,1936
56080,1946
56090,1939
56100,1937
56110,1933
56120,1939
56130,1933
56140,1936
56150,1936
56160,1956
56170,2332
56180,2007
56190,1929
56200,1943
56210,1938
56220,1947
56230,1949
56240,1938
56250,1926
56260,1936
56270,1945
56280,1936
56290,1930
56300,1936
56310,1941
56320,1941
56330,1947
56340,1945
56350,1943
56360,1939
56370,1937
56380,1950
56390,1936
56400,1955
56410,1953
56420,1938
56430,1935
56440,1941
56450,1940
56460,1938
56470,1949
56480,1938
56490,1937
56500,1947
56510,1931
56520,1954
56530,1969
56540,1942
56550,1943
56560,1937
56570,1937
56580,1946
56590,1946
56600,1939
56610,1942
56620,1939
56630,1936
56640,1943
56650,1941
56660,1946
56670,1943
56680,1936
56690,1949
56700,1942
56710,1936
56720,1937
56730,1948
56740,1931
56750,1937
56760,1936
56770,1954
56780,2323
56790,1985
56800,1936
56810,1937
56820,1923
56830,1936
56840,1947
56850,1936
56860,1938
56870,1933
56880,1936
56890,1945
56900,1942
56910,1922
56920,1936
56930,1926
56940,1947
56950,1936
56960,1941
56970,1942
56980,1938
56990,1936
57000,1945
57010,1945
57020,1944
57030,1951
57040,1933
57050,1936
57060,1923
57070,1934
57080,1936
57090,1936
57100,1937
57110,1938
57120,1936
57130,1955
57140,1952
57150,1936
57160,1934
57170,1953
57180,1951
57190,1947
57200,1943
57210,1949
57220,1933
57230,1938
57240,1931
57250,1947
57260,1938
57270,1940
57280,1943
57290,1949
57300,1936
57310,1943
57320,1947
57330,1987
57340,1937
57350,1940
57360,1939
57370,1941
57380,1947
57390,2306
57400,1999
57412,1943
57420,1939
57430,1934
57440,1945
57450,1932
57460,1953
57470,1937
57480,1946
57490,1937
57500,1951
57510,1949
57520,1951
57530,1941
57540,1941
57550,1940
57560,1937
57570,1942
57580,1940
57590,1953
57600,1943
57610,1939
57620,1932
57630,1940
57640,1945
57650,1936
57660,1934
57670,1937
57680,1947
57690,1940
57700,1973
57710,1950
57720,1929
57730,1927
57740,1941
57750,1953
57760,1936
57770,1952
57780,1945
57790,1931
57800,1937
57810,1937
57820,1947
57830,1942
57840,1938
57850,1937
57860,1942
57870,1935
57880,1936
57890,1946
57900,1949
57910,1936
57920,1929
57930,1945
57940,1959
57950,1936
57960,1935
57970,1936
57980,1931
57990,1944
58000,2256
58010,2003
58020,1934
58030,1942
58040,1933
58050,1955
58060,1935
58070,1943
58080,1937
58090,1936
58100,1945
58110,1950
58120,1946
58130,1951
58140,1939
58150,1951
58160,1953
58170,1936
58180,1938
58190,1946
58200,1941
58210,1936
58220,1950
58230,1948
58240,1938
58250,1939
58260,1947
58270,1937
58280,1941
58290,1939
58300,1951
58310,1947
58320,1934
58330,1951
58340,1947
58350,1936
58360,1952
58370,1934
58380,1941
58390,1950
58400,1942
58410,1941
58420,1935
58430,1969
58440,1942
58450,1954
58460,1936
58470,1939
58480,1935
58490,1942
58500,1935
58510,1942
58520,1943
58530,1951
58540,1949
58550,1936
58560,1954
58570,1927
58580,1936
58590,1943
58600,1935
58610,2319
58620,1994
58630,1935
58640,1920
58650,1943
58660,1949
58670,1931
58680,1936
58690,1949
58700,1907
58710,1951
58720,1932
58730,1943
58740,1947
58750,1941
58760,1939
58770,1937
58780,1941
58790,1939
58800,1946
58810,1939
58820,1945
58830,1939
58840,1944
58850,1936
58860,1939
58870,1933
58880,1935
58890,1942
58900,1939
58910,1946
58920,1951
58930,1952
58940,1951
58950,1941
58960,1936
58970,1938
58980,1941
58990,1953
59000,1931
59010,1946
59020,1936
59030,1957
59040,1953
59050,1943
59060,1935
59070,1951
59080,1950
59090,1950
59100,1955
59110,1936
59120,1936
59130,1953
59140,1945
59150,1941
59160,1936
59170,1949
59180,1939
59190,1949
59200,1953
59210,1936
59220,2259
59231,2009
59240,1936
59250,1939
59260,1947
59270,1946
59280,1939
59290,1939
59300,1945
59310,1936
59320,1942
59330,1936
59340,1919
59350,1963
59360,1937
59370,1943
59380,1939
59390,1939
59400,1941
59410,1929
59420,1942
59430,1949
59440,1936
59450,1955
59460,1958
59470,1945
59480,1951
59490,1931
59500,1952
59510,1934
59520,1936
59530,1942
59540,1917
59550,1942
59560,1930
59570,1949
59580,1929
59590,1931
59600,1943
59610,1949
59620,1939
59630,1940
59640,1970
59650,1950
59660,1938
59670,1953
59680,1936
59690,1942
59700,1929
59710,1930
59720,1957
59730,1935
59740,1941
59750,1933
59760,1943
59770,1968
59780,1933
59790,1937
59800,1943
59810,1943
59820,1942
59830,2256
59840,1997
59850,1936
59860,1946
59870,1943
59880,1941
59890,1947
59900,1936
59910,1952
59920,1953
59930,1936
59940,1935
59950,1943
59960,1941
59971,1950
59980,1938
59990,1937
60000,1937
